<?xml version="1.0" encoding="UTF-8"?>
<project-private xmlns="http://www.netbeans.org/ns/project-private/1">
    <editor-bookmarks xmlns="http://www.netbeans.org/ns/editor-bookmarks/2" lastBookmarkId="0"/>
    <open-files xmlns="http://www.netbeans.org/ns/projectui-open-files/2">
        <group>
            <file>file:/C:/Users/Tyler/Documents/CS371/CS371Project2/AdManager/src/View/ModView.java</file>
            <file>file:/C:/Users/Tyler/Documents/CS371/CS371Project2/AdManager/src/View/UserView.java</file>
            <file>file:/C:/Users/Tyler/Documents/CS371/CS371Project2/AdManager/src/View/MessageView.java</file>
            <file>file:/C:/Users/Tyler/Documents/CS371/CS371Project2/AdManager/src/Controller/Controller.java</file>
            <file>file:/C:/Users/Tyler/Documents/CS371/CS371Project2/AdManager/src/View/LoginView.java</file>
            <file>file:/C:/Users/Tyler/Documents/CS371/CS371Project2/AdManager/src/Model/AdManagerDB_INIT.sql</file>
        </group>
    </open-files>
</project-private>
